[{"Globe":89973665},{"Australia":8207279},{"Austria":1266771},{"Belgium":2864496},{"Brazil":4787257},{"Canada":3718312},{"China":1308287},{"Colombia":1647956},{"Croatia":1607294},{"Czech Republic":1082209},{"Denmark":8392416},{"Egypt":3815569},{"Finland":2127680},{"France":12246938},{"Germany":8014883},{"Greece":1018214},{"Hong Kong":2643581},{"Hungary":571942},{"India":3281710},{"Indonesia":956370},{"Iran":1780643},{"Ireland":9570818},{"Israel":1166113},{"Italy":5748334},{"Japan":2005372},{"Malaysia":8602216},{"Mexico":1833649},{"Netherlands":16839413},{"New Zealand":1883651},{"Nigeria":715952},{"Norway":2172764},{"Oman":983978},{"Philippines":957027},{"Poland":1250863},{"Portugal":543629},{"Republic of Korea":675250},{"Romania":496777},{"Russia":4897283},{"Saudi Arabia":1635880},{"Singapore":4130050},{"South Africa":2886303},{"Spain":3713522},{"Sweden":5919657},{"Switzerland":4166695},{"Taiwan":6401088},{"Thailand":1154339},{"Turkey":2595678},{"United Arab Emirates":903579},{"United Kingdom":57681228},{"United States":82005920},{"Vietnam":22594254}]